,Wild Type,Mutant
0,179.68970420406757,218.25669651040096
1,119.81320671459159,40.37773139111869
2,213.05606668879392,180.88911017370452
3,205.280842705421,79.70476248378247
4,170.5931936297838,131.74410779475687
5,191.5202359044693,34.66091420163626
6,312.6391738740227,86.42527086971633
7,252.76525455143923,128.87723734857542
8,127.54935027215697,177.44756460171553
9,210.28610236694928,103.80028835256226
10,240.97151431998503,56.5665556686818
11,112.38093162455644,148.47896091644984
12,184.00239113126875,116.60738911998783
13,247.84818295987034,184.83667324702125
14,185.61047128274663,154.67063635393663
15,164.50859052455633,139.03591662334225
16,262.05500770098195,96.4793677240526
17,97.98081154178553,181.10656852445416
18,139.6216246152094,81.22735601024782
19,188.24883146456992,71.56501588773035
