,Wild Type,Mutant
0,215.56044922486055,87.1463961696187
1,248.34858342619103,173.8732397090047
2,184.97368108209363,112.6577029970594
3,291.65113398065256,122.84675441607047
4,123.68587497959803,221.09620876338937
5,262.0042814924973,154.80611597522142
6,153.2973304461773,72.38589804029786
7,269.25459819889943,22.634686123798915
8,189.01699463305533,87.454601648208
9,169.10096431418492,121.284343655238
10,290.53642597629903,138.61157240000637
11,183.6432348755713,113.64648191464062
12,209.19134456157786,127.13155453298047
13,182.81104122503228,61.067104419193605
14,224.51298103952675,54.52480729341002
15,137.99991729231292,121.47182810279268
16,196.35040239224173,188.23617071125437
17,186.63160363601136,152.10063912251027
18,247.44515610386009,153.4397392110368
19,218.22012117307293,184.18438930283497
